{"cameraMode":{"drawMode":0,"name":"Shaded","section":"Shading Mode"},"sceneLighting":true,"audioPlay":false,"sceneViewState":{"m_AlwaysRefresh":false,"showFog":true,"showSkybox":true,"showFlares":true,"showImageEffects":true,"showParticleSystems":true,"showVisualEffectGraphs":true,"m_FxEnabled":true},"in2DMode":false,"pivot":{"x":-3.25299072265625,"y":1.216464877128601,"z":-1.9651410579681397},"rotation":{"x":-0.04092990979552269,"y":0.6953508257865906,"z":-0.039645154029130939,"w":-0.7165219187736511},"size":0.12051539123058319,"orthographic":false}